City_ID,City,Lat,Lng,Max Temp,Humidity,Cloudiness,Wind Speed,Country,Date
0,Madimba,-10.4,40.3333,81.72,74,40,16.11,TZ,2021-10-31 15:34:27
1,Hermanus,-34.4187,19.2345,69.91,85,95,8.97,ZA,2021-10-31 15:34:28
2,Carnarvon,-24.8667,113.6333,68.07,73,90,17.27,AU,2021-10-31 15:34:28
3,Jamestown,42.097,-79.2353,52.09,99,90,4.0,US,2021-10-31 15:34:29
4,Butaritari,3.0707,172.7902,80.85,78,37,9.31,KI,2021-10-31 15:34:30
5,Kodiak,57.79,-152.4072,45.91,87,90,17.27,US,2021-10-31 15:34:30
6,Ribeira Grande,38.5167,-28.7,70.2,88,75,11.5,PT,2021-10-31 15:34:30
7,Buluang,13.3068,123.3425,74.1,90,46,3.69,PH,2021-10-31 15:34:31
8,Rikitea,-23.1203,-134.9692,74.05,88,100,18.12,PF,2021-10-31 15:32:06
9,Sao Joao Da Barra,-21.6403,-41.0511,77.09,82,100,12.68,BR,2021-10-31 15:34:31
10,Thinadhoo,0.5333,72.9333,83.03,76,99,18.34,MV,2021-10-31 15:34:32
11,Oksfjord,70.2396,22.3479,39.38,89,38,15.17,NO,2021-10-31 15:34:32
12,Humaita,-7.5061,-63.0208,101.12,34,57,1.88,BR,2021-10-31 15:34:33
13,Bambanglipuro,-7.95,110.2833,77.59,89,88,1.74,ID,2021-10-31 15:34:33
14,Mokhsogollokh,61.4681,128.9203,20.53,96,100,3.91,RU,2021-10-31 15:34:34
15,Dunedin,-45.8742,170.5036,48.79,64,80,4.0,NZ,2021-10-31 15:32:29
16,Punta Arenas,-53.15,-70.9167,48.31,57,0,12.66,CL,2021-10-31 15:34:34
17,Partenit,44.578,34.3446,54.21,76,4,6.58,UA,2021-10-31 15:34:35
18,Lebu,-37.6167,-73.65,60.12,72,100,7.96,CL,2021-10-31 15:34:35
19,Hilo,19.7297,-155.09,79.29,72,1,6.91,US,2021-10-31 15:34:35
20,Saint-Augustin,51.226,-58.6502,49.41,52,95,5.55,CA,2021-10-31 15:34:36
21,Olafsvik,64.8945,-23.7142,36.18,68,13,18.77,IS,2021-10-31 15:34:36
22,Cape Town,-33.9258,18.4232,71.89,58,0,5.01,ZA,2021-10-31 15:34:37
23,Jumla,29.2747,82.1838,43.65,78,6,3.98,NP,2021-10-31 15:34:37
24,Balkhash,46.844,74.9804,44.37,74,100,16.4,KZ,2021-10-31 15:34:38
25,Albany,42.6001,-73.9662,59.74,87,100,9.6,US,2021-10-31 15:32:15
26,Tuatapere,-46.1333,167.6833,39.63,85,40,5.01,NZ,2021-10-31 15:34:38
27,Rongcheng,30.634,117.8517,58.75,72,65,2.53,CN,2021-10-31 15:34:39
28,Arlit,18.7369,7.3853,96.76,10,37,4.54,NE,2021-10-31 15:34:39
29,Busselton,-33.65,115.3333,54.05,79,100,7.76,AU,2021-10-31 15:34:40
30,Narsaq,60.9167,-46.05,30.42,67,45,3.87,GL,2021-10-31 15:34:40
31,Jaszszentandras,47.5833,20.1833,55.26,52,0,4.14,HU,2021-10-31 15:34:41
32,Hambantota,6.1241,81.1185,80.94,100,40,0.0,LK,2021-10-31 15:34:41
33,Flin Flon,54.7682,-101.865,31.84,86,90,8.05,CA,2021-10-31 15:34:42
34,Waddan,29.1614,16.139,77.4,27,41,8.21,LY,2021-10-31 15:34:42
35,Kununurra,-15.7667,128.7333,78.78,89,37,1.14,AU,2021-10-31 15:34:43
36,Popondetta,-8.7537,148.2534,73.15,96,96,3.29,PG,2021-10-31 15:34:43
37,Kirkwall,58.9848,-2.9587,50.34,87,40,14.97,GB,2021-10-31 15:34:43
38,Bar Bigha,25.2167,85.7333,71.11,62,0,5.17,IN,2021-10-31 15:34:44
39,Nikolskoye,59.7035,30.7861,47.88,84,50,8.05,RU,2021-10-31 15:34:44
40,Clyde River,70.4692,-68.5914,23.23,93,75,12.66,CA,2021-10-31 15:34:45
41,Atuona,-9.8,-139.0333,80.08,67,95,13.38,PF,2021-10-31 15:34:45
42,Brae,60.3964,-1.353,49.91,87,100,15.95,GB,2021-10-31 15:34:45
43,Mahebourg,-20.4081,57.7,75.49,78,40,3.44,MU,2021-10-31 15:34:46
44,Mnogovershinnyy,53.9353,139.9242,15.24,77,48,3.47,RU,2021-10-31 15:34:46
45,Ajdabiya,30.7554,20.2263,70.84,71,52,13.4,LY,2021-10-31 15:34:47
46,Oussouye,12.485,-16.5469,93.38,51,38,10.04,SN,2021-10-31 15:34:47
47,Okhotsk,59.3833,143.3,10.15,72,0,17.09,RU,2021-10-31 15:34:47
48,Vaini,-21.2,-175.2,69.96,100,75,4.61,TO,2021-10-31 15:34:48
49,Vestmannaeyjar,63.4427,-20.2734,40.19,70,20,28.77,IS,2021-10-31 15:34:48
50,Atikokan,48.7555,-91.6216,34.25,76,100,8.03,CA,2021-10-31 15:34:49
51,Kutum,14.2,24.6667,84.34,20,47,6.96,SD,2021-10-31 15:34:49
52,Itarema,-2.9248,-39.9167,87.04,60,70,16.93,BR,2021-10-31 15:34:49
53,Newburn,54.9876,-1.7442,52.18,87,20,9.22,GB,2021-10-31 15:34:50
54,Ketchikan,55.3422,-131.6461,30.67,100,90,3.44,US,2021-10-31 15:33:10
55,Puerto Ayora,-0.7393,-90.3518,73.36,80,89,9.13,EC,2021-10-31 15:29:52
56,Saint-Philippe,-21.3585,55.7679,74.79,76,28,6.76,RE,2021-10-31 15:34:51
57,Camabatela,-8.1881,15.375,71.04,88,88,0.96,AO,2021-10-31 15:34:51
58,Ushuaia,-54.8,-68.3,51.46,54,0,0.0,AR,2021-10-31 15:34:19
59,Mataura,-46.1927,168.8643,38.84,88,68,3.2,NZ,2021-10-31 15:34:52
60,Ust-Nera,64.5667,143.2,-15.79,100,69,5.53,RU,2021-10-31 15:34:52
61,Ostersund,63.1792,14.6357,41.61,100,90,6.91,SE,2021-10-31 15:34:52
62,San Patricio,28.017,-97.5169,81.01,42,0,10.07,US,2021-10-31 15:34:53
63,Tiksi,71.6872,128.8694,13.44,84,100,12.33,RU,2021-10-31 15:34:53
64,Saiha,22.4833,92.9667,66.61,92,51,2.55,IN,2021-10-31 15:33:04
65,Grand-Santi,4.25,-54.3833,94.64,41,47,2.62,GF,2021-10-31 15:34:54
66,Scottsbluff,41.8666,-103.6672,37.83,93,90,1.99,US,2021-10-31 15:29:54
67,Avarua,-21.2078,-159.775,73.45,73,75,9.22,CK,2021-10-31 15:34:54
68,Bluff,-46.6,168.3333,50.02,70,87,21.5,NZ,2021-10-31 15:34:55
69,Lahaina,20.8783,-156.6825,70.81,85,2,2.98,US,2021-10-31 15:34:55
70,Qaanaaq,77.484,-69.3632,9.36,65,99,10.31,GL,2021-10-31 15:34:56
71,New Norfolk,-42.7826,147.0587,54.91,57,100,8.01,AU,2021-10-31 15:34:56
72,Galle,6.0367,80.217,78.82,87,67,7.54,LK,2021-10-31 15:34:57
73,Muskegon,43.3,-86.1334,52.83,90,40,9.22,US,2021-10-31 15:33:46
74,Constitucion,-35.3333,-72.4167,61.84,70,100,6.24,CL,2021-10-31 15:31:27
75,Diebougou,10.9667,-3.25,98.13,22,71,3.69,BF,2021-10-31 15:34:58
76,Guerrero Negro,27.9769,-114.0611,67.28,75,80,7.31,MX,2021-10-31 15:34:58
77,Bredasdorp,-34.5322,20.0403,65.52,72,99,9.22,ZA,2021-10-31 15:34:14
78,Quatre Cocos,-20.2078,57.7625,75.31,75,59,7.16,MU,2021-10-31 15:34:59
79,Arraial Do Cabo,-22.9661,-42.0278,73.36,88,75,11.5,BR,2021-10-31 15:34:33
80,Coihaique,-45.5752,-72.0662,58.95,33,0,14.97,CL,2021-10-31 15:34:59
81,Thompson,55.7435,-97.8558,30.36,93,75,8.05,CA,2021-10-31 15:30:36
82,Ust-Tsilma,65.441,52.1498,19.04,97,92,4.74,RU,2021-10-31 15:35:00
83,Aklavik,68.2191,-135.0107,30.92,93,40,2.3,CA,2021-10-31 15:35:00
84,Piney Green,34.716,-77.3202,64.02,54,2,9.44,US,2021-10-31 15:35:01
85,Faanui,-16.4833,-151.75,78.26,67,100,14.47,PF,2021-10-31 15:35:01
86,Bethel,41.3712,-73.414,62.47,83,75,3.0,US,2021-10-31 15:32:16
87,Hobart,-42.8794,147.3294,55.26,62,100,1.01,AU,2021-10-31 15:30:09
88,Dhola,21.8833,71.7833,79.0,31,3,7.23,IN,2021-10-31 15:35:02
89,Touros,-5.1989,-35.4608,86.9,61,44,15.88,BR,2021-10-31 15:35:03
90,Erenhot,43.6475,111.9767,34.84,33,0,5.5,CN,2021-10-31 15:35:04
91,Livny,52.4253,37.6069,45.72,69,2,6.2,RU,2021-10-31 15:35:05
92,Yellowknife,62.456,-114.3525,27.41,100,90,4.61,CA,2021-10-31 15:34:34
93,Port Alfred,-33.5906,26.891,69.26,80,67,19.95,ZA,2021-10-31 15:35:06
94,Teguldet,57.3064,88.1667,32.31,99,100,6.22,RU,2021-10-31 15:35:06
95,Tasiilaq,65.6145,-37.6368,26.76,69,100,3.44,GL,2021-10-31 15:35:07
96,Khatanga,71.9667,102.5,4.33,96,100,7.92,RU,2021-10-31 15:35:07
97,Show Low,34.2542,-110.0298,52.09,40,1,6.91,US,2021-10-31 15:35:08
98,Tessalit,20.1986,1.0114,97.39,9,92,4.65,ML,2021-10-31 15:35:08
99,Airai,-8.9266,125.4092,61.81,88,94,1.54,TL,2021-10-31 15:35:09
100,Dhidhdhoo,6.8833,73.1,80.4,80,100,4.83,MV,2021-10-31 15:35:09
101,Cherskiy,68.75,161.3,-0.17,98,100,5.28,RU,2021-10-31 15:35:09
102,Nanortalik,60.1432,-45.2371,34.61,73,36,14.56,GL,2021-10-31 15:35:10
103,Bengkulu,-3.8004,102.2655,77.74,88,100,3.74,ID,2021-10-31 15:35:10
104,Provideniya,64.3833,-173.3,11.79,81,76,6.53,RU,2021-10-31 15:35:11
105,Vila Velha,-20.3297,-40.2925,75.15,83,90,12.66,BR,2021-10-31 15:35:11
106,Ambanja,-13.6833,48.45,82.33,73,61,1.72,MG,2021-10-31 15:35:11
107,Saskylakh,71.9167,114.0833,12.34,96,100,7.2,RU,2021-10-31 15:35:12
108,Vardo,70.3705,31.1107,32.2,71,100,12.3,NO,2021-10-31 15:35:12
109,Alofi,-19.0595,-169.9187,73.29,83,98,8.05,NU,2021-10-31 15:35:13
110,Rocha,-34.4833,-54.3333,72.7,72,100,3.47,UY,2021-10-31 15:35:13
111,Correia Pinto,-27.5847,-50.3611,69.69,68,100,6.6,BR,2021-10-31 15:35:13
112,Dikson,73.5069,80.5464,6.73,93,100,9.91,RU,2021-10-31 15:35:14
113,Hithadhoo,-0.6,73.0833,82.18,74,100,18.77,MV,2021-10-31 15:35:14
114,Hanna,51.6334,-111.9018,23.02,45,0,4.27,CA,2021-10-31 15:35:15
115,Arinos,-15.9169,-46.1056,85.46,42,98,2.06,BR,2021-10-31 15:35:15
116,Killarney,52.05,-9.5167,48.25,93,75,13.8,IE,2021-10-31 15:35:16
117,Pitimbu,-7.4706,-34.8086,86.59,62,52,11.41,BR,2021-10-31 15:35:16
118,Mar Del Plata,-38.0023,-57.5575,58.08,80,90,3.0,AR,2021-10-31 15:35:15
119,Marsh Harbour,26.5412,-77.0636,78.17,55,1,11.79,BS,2021-10-31 15:35:17
120,Caravelas,-17.7125,-39.2481,81.25,66,80,9.35,BR,2021-10-31 15:35:17
121,East London,-33.0153,27.9116,68.94,83,40,13.8,ZA,2021-10-31 15:35:18
122,Bandarbeyla,9.4942,50.8122,79.84,77,21,14.38,SO,2021-10-31 15:35:18
123,Hirara,24.8,125.2833,76.3,64,100,15.05,JP,2021-10-31 15:35:18
124,Poum,-20.2333,164.0167,74.44,68,0,16.51,NC,2021-10-31 15:35:19
125,Vostok,46.4856,135.8833,28.33,94,84,0.45,RU,2021-10-31 15:35:19
126,Jidong,45.2167,131.0833,34.59,61,84,2.06,CN,2021-10-31 15:35:20
127,Pevek,69.7008,170.3133,-0.31,97,100,4.52,RU,2021-10-31 15:35:20
128,Rio Grande,-32.035,-52.0986,80.71,74,55,14.09,BR,2021-10-31 15:35:21
129,Saint Anthony,45.0205,-93.218,44.65,67,1,1.99,US,2021-10-31 15:35:21
130,Flinders,-34.5833,150.8552,56.8,80,11,1.01,AU,2021-10-31 15:35:21
131,Sitka,57.0531,-135.33,39.09,81,1,0.0,US,2021-10-31 15:33:10
132,Kalat,29.0225,66.5916,54.37,30,0,17.31,PK,2021-10-31 15:35:22
133,Ponto Novo,-10.8628,-40.1336,93.18,27,25,7.02,BR,2021-10-31 15:35:22
134,Derazhnya,49.2692,27.4338,45.43,55,0,8.7,UA,2021-10-31 15:35:23
135,Elbasan,41.1125,20.0822,61.52,57,3,0.38,AL,2021-10-31 15:35:23
136,Xuddur,4.1213,43.8894,83.73,34,60,7.9,SO,2021-10-31 15:35:24
137,Codrington,-38.2667,141.9667,44.51,92,8,4.36,AU,2021-10-31 15:35:24
138,Aleksandriya,45.0947,43.2456,51.44,79,100,13.18,RU,2021-10-31 15:35:24
139,Kaitangata,-46.2817,169.8464,46.99,68,70,9.91,NZ,2021-10-31 15:35:25
140,Naze,28.3667,129.4833,69.08,80,50,7.87,JP,2021-10-31 15:35:25
141,Cabo San Lucas,22.8909,-109.9124,81.05,70,6,4.41,MX,2021-10-31 15:31:18
142,Port Elizabeth,-33.918,25.5701,81.1,83,0,17.27,ZA,2021-10-31 15:35:26
143,Torbay,47.6666,-52.7314,46.27,89,75,12.66,CA,2021-10-31 15:30:38
144,Richards Bay,-28.783,32.0377,67.8,82,0,4.29,ZA,2021-10-31 15:35:26
145,Calvia,39.5657,2.5062,76.91,69,54,14.63,ES,2021-10-31 15:35:27
146,Ahipara,-35.1667,173.1667,55.47,82,95,11.61,NZ,2021-10-31 15:35:27
147,Iquitos,-3.7481,-73.2472,86.04,74,75,4.61,PE,2021-10-31 15:34:42
148,Ponta Do Sol,32.6667,-17.1,78.71,78,33,6.8,PT,2021-10-31 15:35:28
149,Upernavik,72.7868,-56.1549,33.01,98,100,16.2,GL,2021-10-31 15:35:28
150,Linares,-35.85,-71.6,79.9,31,100,4.74,CL,2021-10-31 15:35:29
151,Kavieng,-2.5744,150.7967,83.28,77,98,16.35,PG,2021-10-31 15:35:29
152,Cayenne,4.9333,-52.3333,89.64,74,75,3.0,GF,2021-10-31 15:35:29
153,Kalmunai,7.4167,81.8167,80.08,84,63,7.52,LK,2021-10-31 15:35:30
154,Pinheiro Machado,-31.5783,-53.3811,78.06,75,9,3.36,BR,2021-10-31 15:35:30
155,Tambopata,-12.7333,-69.1833,94.89,46,0,6.91,PE,2021-10-31 15:35:31
156,Coquimbo,-29.9533,-71.3436,58.73,82,90,6.91,CL,2021-10-31 15:35:31
157,Ancud,-41.8697,-73.8203,65.73,40,35,6.38,CL,2021-10-31 15:35:31
158,Yangambi,0.8102,24.4336,72.81,96,100,5.06,CD,2021-10-31 15:35:32
159,Palagiano,40.5782,17.0374,69.33,77,3,7.56,IT,2021-10-31 15:35:32
160,Barrow,71.2906,-156.7887,24.82,80,90,26.46,US,2021-10-31 15:35:33
161,Muros,42.7762,-9.0603,63.09,76,100,6.93,ES,2021-10-31 15:35:33
162,Markkleeberg,51.2833,12.4,65.73,82,0,8.05,DE,2021-10-31 15:35:33
163,Isangel,-19.55,169.2667,75.07,84,41,5.75,VU,2021-10-31 15:35:34
164,Dwarka,22.2394,68.9678,81.55,48,17,9.55,IN,2021-10-31 15:35:34
165,Lafiagi,8.8667,5.4167,90.77,41,87,4.36,NG,2021-10-31 15:35:35
166,Georgetown,5.4112,100.3354,80.55,88,20,1.99,MY,2021-10-31 15:35:35
167,Qax,41.4225,46.9242,47.39,82,42,3.13,AZ,2021-10-31 15:35:36
168,Victoria,22.2855,114.1577,77.32,78,94,1.99,HK,2021-10-31 15:33:25
169,Belaya Gora,68.5333,146.4167,-7.24,100,88,5.84,RU,2021-10-31 15:35:36
170,Castro,-24.7911,-50.0119,61.57,93,100,7.72,BR,2021-10-31 15:35:37
171,La Union,-5.4,-80.75,80.87,45,32,4.38,PE,2021-10-31 15:35:37
172,Fortuna,40.5982,-124.1573,55.42,75,90,1.99,US,2021-10-31 15:35:37
173,Kapaa,22.0752,-159.319,69.78,77,1,9.22,US,2021-10-31 15:35:38
174,Jangipur,24.4667,88.0667,73.35,59,1,5.77,IN,2021-10-31 15:35:38
175,Leshan,29.5623,103.7639,59.77,82,100,0.63,CN,2021-10-31 15:35:39
176,Haines Junction,60.7522,-137.5108,35.55,55,100,6.91,CA,2021-10-31 15:35:39
177,Matara,5.9485,80.5353,77.67,90,51,5.82,LK,2021-10-31 15:35:40
178,Deputatskiy,69.3,139.9,-12.1,86,38,3.02,RU,2021-10-31 15:35:40
179,Pisco,-13.7,-76.2167,66.02,88,90,8.05,PE,2021-10-31 15:35:41
180,Sabang,5.8933,95.3214,81.39,75,94,2.17,ID,2021-10-31 15:35:41
181,San Angelo,31.4638,-100.437,69.64,46,1,4.0,US,2021-10-31 15:34:05
182,Mandera,3.9366,41.867,89.46,35,43,8.43,KE,2021-10-31 15:35:42
183,Kiunga,-6.1219,141.2906,73.29,99,100,0.94,PG,2021-10-31 15:35:42
184,Limaong,7.3606,122.3664,82.09,82,100,4.45,PH,2021-10-31 15:35:42
185,Langcangan,8.4794,123.7558,72.0,96,100,2.53,PH,2021-10-31 15:35:43
186,Nilakkottai,10.1648,77.8529,79.54,88,98,3.76,IN,2021-10-31 15:35:43
187,Bambous Virieux,-20.3428,57.7575,75.45,78,40,3.44,MU,2021-10-31 15:35:43
188,Polazna,58.2946,56.4055,42.19,97,100,5.7,RU,2021-10-31 15:35:44
189,Daltenganj,24.0333,84.0667,65.14,62,0,3.47,IN,2021-10-31 15:35:44
190,Kilindoni,-7.9139,39.6668,80.1,77,2,13.47,TZ,2021-10-31 15:35:45
191,Kieta,-6.2167,155.6333,79.41,81,100,2.42,PG,2021-10-31 15:35:45
192,Erzin,36.9559,36.2,72.32,64,97,5.44,TR,2021-10-31 15:35:45
193,Ilulissat,69.2167,-51.1,33.82,86,90,21.85,GL,2021-10-31 15:35:46
194,Charters Towers,-20.1,146.2667,73.0,89,74,6.17,AU,2021-10-31 15:35:46
195,Phuket,8.0,98.25,83.08,94,20,1.14,TH,2021-10-31 15:35:47
196,Vernon,50.2581,-119.2691,32.29,86,0,3.44,CA,2021-10-31 15:34:34
197,Eyl,7.9803,49.8164,79.83,75,54,15.86,SO,2021-10-31 15:35:47
198,Grindavik,63.8424,-22.4338,37.87,70,40,23.02,IS,2021-10-31 15:35:48
199,Porto Santo,33.072,-16.3415,75.11,78,20,11.5,PT,2021-10-31 15:35:48
200,Gravdal,68.1214,13.5031,48.09,61,100,8.05,NO,2021-10-31 15:35:49
201,Gbarnga,6.9956,-9.4722,89.65,48,79,3.06,LR,2021-10-31 15:35:49
202,Santa Rosalia,27.3167,-112.2833,76.3,29,71,2.13,MX,2021-10-31 15:35:49
203,Burnie,-41.0667,145.9167,50.92,74,27,9.57,AU,2021-10-31 15:35:50
204,Sagua La Grande,22.8067,-80.0756,81.59,60,40,6.55,CU,2021-10-31 15:35:50
205,Iki-Burul,45.8208,44.6472,43.14,75,51,11.81,RU,2021-10-31 15:35:50
206,Moron,-34.6534,-58.6198,69.01,77,100,5.99,AR,2021-10-31 15:35:51
207,Saint-Francois,46.4154,3.9054,68.47,60,0,13.8,FR,2021-10-31 15:35:51
208,Bhayavadar,21.85,70.25,76.98,27,17,5.1,IN,2021-10-31 15:35:52
209,Beringovskiy,63.05,179.3167,6.42,92,100,15.37,RU,2021-10-31 15:35:52
210,Chuy,-33.6971,-53.4616,72.7,74,98,8.21,UY,2021-10-31 15:35:53
211,Kaeo,-35.1,173.7833,55.33,92,98,3.53,NZ,2021-10-31 15:35:53
212,Talara,-4.5772,-81.2719,72.36,68,0,5.75,PE,2021-10-31 15:35:53
213,Solnechnyy,50.7214,136.6319,25.12,66,1,1.1,RU,2021-10-31 15:35:54
214,Esperance,-33.8667,121.9,64.24,56,100,14.74,AU,2021-10-31 15:35:54
215,Abomsa,9.9833,39.9833,69.22,65,100,2.98,ET,2021-10-31 15:35:55
216,Alice Springs,-23.7,133.8833,56.75,94,37,6.91,AU,2021-10-31 15:35:55
217,Ilheus,-14.7889,-39.0494,85.82,62,40,12.66,BR,2021-10-31 15:35:56
218,Abha,18.2164,42.5053,68.25,30,20,5.75,SA,2021-10-31 15:35:56
219,Takoradi,4.8845,-1.7554,82.92,76,90,12.62,GH,2021-10-31 15:35:56
220,Tuktoyaktuk,69.4541,-133.0374,23.0,86,75,8.05,CA,2021-10-31 15:35:57
221,Upata,8.0086,-62.3989,85.19,59,65,3.44,VE,2021-10-31 15:35:57
222,Salalah,17.0151,54.0924,82.49,44,0,2.3,OM,2021-10-31 15:35:58
223,Norman Wells,65.282,-126.8329,10.44,85,40,4.61,CA,2021-10-31 15:35:58
224,Severo-Kurilsk,50.6789,156.125,35.89,67,99,24.0,RU,2021-10-31 15:35:59
225,Smithers,54.7804,-127.1743,19.72,93,1,2.3,CA,2021-10-31 15:34:34
226,Port Lincoln,-34.7333,135.8667,58.23,75,1,10.65,AU,2021-10-31 15:35:59
227,Urusha,54.05,122.9,23.67,55,95,1.92,RU,2021-10-31 15:35:59
228,Te Anau,-45.4167,167.7167,36.88,91,56,0.49,NZ,2021-10-31 15:36:00
229,Muncar,-8.4333,114.3333,77.72,91,95,0.45,ID,2021-10-31 15:36:00
230,Tadine,-21.55,167.8833,70.34,75,2,9.75,NC,2021-10-31 15:36:01
231,Oistins,13.0667,-59.5333,86.09,62,20,16.11,BB,2021-10-31 15:32:21
232,Lagoa,39.05,-27.9833,69.31,87,99,13.22,PT,2021-10-31 15:36:02
233,Santa Lucia,27.9117,-15.5407,67.32,66,0,13.8,ES,2021-10-31 15:36:03
234,Pahrump,36.2083,-115.9839,67.24,38,2,1.01,US,2021-10-31 15:31:58
235,Verkhoyansk,67.5447,133.385,-3.64,92,100,3.09,RU,2021-10-31 15:36:03
236,Cidreira,-30.1811,-50.2056,72.28,78,25,20.83,BR,2021-10-31 15:36:04
237,Nastola,60.95,25.9333,46.33,86,100,8.23,FI,2021-10-31 15:36:04
238,Husavik,66.0449,-17.3389,33.71,99,100,25.61,IS,2021-10-31 15:36:04
239,Naron,43.5167,-8.1528,63.01,83,100,11.77,ES,2021-10-31 15:36:05
240,Kattivakkam,13.2167,80.3167,78.89,85,100,7.11,IN,2021-10-31 15:36:05
241,Namatanai,-3.6667,152.4333,79.48,83,97,9.04,PG,2021-10-31 15:36:06
242,Ostrovnoy,68.0531,39.5131,29.34,88,73,1.39,RU,2021-10-31 15:36:06
243,Russell,32.3502,-85.1999,60.96,73,90,8.05,US,2021-10-31 15:36:06
244,Launceston,-41.45,147.1667,50.81,93,12,11.5,AU,2021-10-31 15:34:17
245,Mustasaari,63.1142,21.6822,47.34,93,90,6.91,FI,2021-10-31 15:36:07
246,Fort Nelson,58.8053,-122.7002,18.99,73,20,6.91,CA,2021-10-31 15:36:07
247,Acapulco,16.8634,-99.8901,78.62,78,40,5.75,MX,2021-10-31 15:32:28
248,Broome,42.2506,-75.833,55.02,88,90,1.99,US,2021-10-31 15:36:08
249,Dubbo,-32.25,148.6167,57.33,67,100,14.97,AU,2021-10-31 15:36:09
250,Pacific Grove,36.6177,-121.9166,54.7,91,40,4.0,US,2021-10-31 15:36:09
251,College,64.8569,-147.8028,46.35,42,75,12.66,US,2021-10-31 15:36:09
252,Luderitz,-26.6481,15.1594,64.36,72,41,11.21,NA,2021-10-31 15:36:10
253,Am Timan,11.0297,20.2827,89.73,22,80,2.77,TD,2021-10-31 15:36:10
254,Taoudenni,22.6783,-3.9836,95.22,13,0,11.83,ML,2021-10-31 15:36:11
255,Baja,46.175,18.9564,58.26,56,0,8.19,HU,2021-10-31 15:36:11
256,Turukhansk,65.8167,87.9833,8.46,97,99,4.54,RU,2021-10-31 15:36:12
257,Nova Gradiska,45.255,17.3831,53.49,73,0,5.26,HR,2021-10-31 15:36:12
258,Tura,25.5198,90.2201,62.35,64,0,2.73,IN,2021-10-31 15:36:13
259,Gigmoto,13.7796,124.39,79.14,84,21,10.31,PH,2021-10-31 15:36:13
260,Chokurdakh,70.6333,147.9167,-11.97,100,100,5.73,RU,2021-10-31 15:36:13
261,Markala,13.7021,-6.0659,101.48,13,61,10.83,ML,2021-10-31 15:36:14
262,Maicao,11.3832,-72.2432,84.07,66,100,8.99,CO,2021-10-31 15:36:15
263,Namibe,-15.1961,12.1522,71.28,68,37,17.94,AO,2021-10-31 15:36:15
264,Sorong,-0.8833,131.25,80.06,80,100,4.0,ID,2021-10-31 15:36:15
265,Luau,-10.7073,22.2247,73.65,70,100,5.23,AO,2021-10-31 15:36:16
266,Makakilo City,21.3469,-158.0858,70.29,82,1,3.44,US,2021-10-31 15:36:16
267,Taltal,-25.4,-70.4833,65.28,67,30,6.78,CL,2021-10-31 15:36:17
268,Makkaveyevo,51.7533,113.9454,16.52,57,24,2.13,RU,2021-10-31 15:36:17
269,Nargana,9.4428,-78.5906,84.6,68,99,6.24,PA,2021-10-31 15:36:17
270,Upington,-28.4478,21.2561,91.78,13,0,3.44,ZA,2021-10-31 15:36:18
271,Puerto Escondido,15.85,-97.0667,79.63,69,40,6.91,MX,2021-10-31 15:36:18
272,Ponta Delgada,37.7333,-25.6667,76.5,94,75,13.8,PT,2021-10-31 15:36:19
273,Bulgan,48.8125,103.5347,31.44,57,95,3.22,MN,2021-10-31 15:36:19
274,Tecoanapa,16.5167,-98.75,82.76,71,40,1.41,MX,2021-10-31 15:36:19
275,Sobolevo,54.4299,31.8996,43.61,74,0,10.47,RU,2021-10-31 15:36:20
276,Margate,51.3813,1.3862,58.71,71,51,4.0,GB,2021-10-31 15:36:18
277,Galveston,29.3669,-94.9669,75.16,58,1,1.01,US,2021-10-31 15:36:20
278,Nome,64.5011,-165.4064,23.07,64,1,9.22,US,2021-10-31 15:36:21
279,Kruisfontein,-34.0033,24.7314,78.89,64,94,11.39,ZA,2021-10-31 15:36:21
280,Tamale,9.4008,-0.8393,96.12,26,100,7.47,GH,2021-10-31 15:36:22
281,Grand Gaube,-20.0064,57.6608,75.6,75,90,1.99,MU,2021-10-31 15:36:22
282,Mount Gambier,-37.8333,140.7667,42.71,93,10,0.0,AU,2021-10-31 15:36:22
283,Yasothon,15.75,104.1333,74.71,92,90,6.4,TH,2021-10-31 15:36:23
284,Saint-Pierre,-21.3393,55.4781,74.88,74,0,11.5,RE,2021-10-31 15:36:23
285,Temple,31.0982,-97.3428,74.95,63,1,1.01,US,2021-10-31 15:36:24
286,Mporokoso,-9.3727,30.125,77.97,45,77,9.48,ZM,2021-10-31 15:34:14
287,Strezhevoy,60.7333,77.5889,4.98,92,86,8.97,RU,2021-10-31 15:36:24
288,Vikhorevka,56.1201,101.1636,35.19,94,97,4.47,RU,2021-10-31 15:36:25
289,Dodge City,37.7528,-100.0171,44.69,79,1,11.99,US,2021-10-31 15:36:25
290,Rio Gallegos,-51.6226,-69.2181,66.25,14,0,12.66,AR,2021-10-31 15:31:30
291,Dzilam Gonzalez,21.2833,-88.9333,81.52,46,55,4.14,MX,2021-10-31 15:36:26
292,Yanam,16.7333,82.2167,81.0,86,34,4.61,IN,2021-10-31 15:36:26
293,Waipawa,-41.4122,175.5153,53.02,87,69,6.6,NZ,2021-10-31 15:36:27
294,Lorengau,-2.0226,147.2712,80.76,80,98,8.75,PG,2021-10-31 15:36:27
295,Coxim,-18.5067,-54.76,93.51,42,37,3.44,BR,2021-10-31 15:36:27
296,Brigham City,41.5102,-112.0155,58.8,78,40,0.0,US,2021-10-31 15:36:28
297,Khabez,44.0434,41.772,46.83,74,42,3.36,RU,2021-10-31 15:36:28
298,Zhezkazgan,47.8043,67.7144,42.94,73,100,7.56,KZ,2021-10-31 15:36:29
299,Yar-Sale,66.8333,70.8333,3.52,92,27,6.2,RU,2021-10-31 15:36:29
300,Goure,13.9835,10.2704,95.02,10,90,15.26,NE,2021-10-31 15:36:29
301,Aksha,50.2814,113.2867,27.7,71,16,2.21,RU,2021-10-31 15:36:30
302,Kungurtug,50.5994,97.5228,29.57,58,100,3.85,RU,2021-10-31 15:36:30
303,Abaza,52.655,90.0928,35.98,94,100,4.12,RU,2021-10-31 15:36:31
304,Tautira,-17.7333,-149.15,71.62,78,91,17.58,PF,2021-10-31 15:36:31
305,Klaksvik,62.2266,-6.589,43.72,69,100,6.35,FO,2021-10-31 15:36:31
306,Bumba,2.1833,22.4667,74.52,95,87,2.44,CD,2021-10-31 15:36:32
307,Sukabumi,-6.9181,106.9267,78.6,96,92,1.7,ID,2021-10-31 15:36:32
308,Havre-Saint-Pierre,50.2334,-63.5986,48.79,100,90,11.5,CA,2021-10-31 15:36:33
309,Machico,32.7,-16.7667,78.71,78,40,11.5,PT,2021-10-31 15:36:33
310,Pangkalanbuun,-2.6833,111.6167,75.18,94,90,1.5,ID,2021-10-31 15:36:34
311,Bonthe,7.5264,-12.505,84.0,70,56,9.37,SL,2021-10-31 15:36:34
312,Buala,-8.145,159.5921,80.02,81,100,6.08,SB,2021-10-31 15:36:34
313,Rincon,32.296,-81.2354,65.86,72,1,12.66,US,2021-10-31 15:36:35
314,Linhai,28.85,121.1167,64.92,71,100,1.57,CN,2021-10-31 15:36:35
315,Yulara,-25.2406,130.9889,67.84,73,90,5.75,AU,2021-10-31 15:36:36
316,Labuhan,-6.8844,112.2051,81.52,77,76,1.52,ID,2021-10-31 15:36:36
317,Winslow,35.0242,-110.6974,46.58,46,1,11.5,US,2021-10-31 15:36:36
318,Mogadishu,2.0371,45.3438,79.83,79,14,17.25,SO,2021-10-31 15:36:37
319,Aykhal,66.0,111.5,7.36,93,100,19.19,RU,2021-10-31 15:36:37
320,Chicama,-7.8447,-79.1469,61.34,49,26,8.48,PE,2021-10-31 15:36:38
321,Yartsevo,55.0667,32.6964,44.01,75,0,9.55,RU,2021-10-31 15:36:39
322,Port Hardy,50.6996,-127.4199,44.6,93,1,3.44,CA,2021-10-31 15:36:39
323,Kinlochleven,56.7115,-4.9661,49.28,95,100,2.68,GB,2021-10-31 15:36:39
324,Severobaykalsk,55.65,109.3167,24.37,92,97,4.65,RU,2021-10-31 15:36:40
325,Lavrentiya,65.5833,-171.0,12.69,82,6,12.8,RU,2021-10-31 15:36:40
326,Komsomolskiy,40.4272,71.7189,50.72,62,100,6.91,UZ,2021-10-31 15:36:40
327,Mweka,-4.85,21.5667,75.49,82,64,2.98,CD,2021-10-31 15:36:41
328,Sorland,67.667,12.6934,48.27,79,100,15.99,NO,2021-10-31 15:36:41
329,Celestun,20.8667,-90.4,78.78,52,45,3.69,MX,2021-10-31 15:36:42
330,Chara,56.9064,118.2631,22.28,71,100,0.98,RU,2021-10-31 15:36:42
331,Savannah Bight,16.45,-85.85,82.45,68,93,7.52,HN,2021-10-31 15:36:42
332,Sivaki,52.6333,126.75,25.48,44,40,5.1,RU,2021-10-31 15:36:43
333,Virovitica,45.8319,17.3839,58.05,68,0,5.44,HR,2021-10-31 15:36:43
334,Dingle,10.9995,122.6711,75.69,86,93,7.14,PH,2021-10-31 15:36:44
335,Gat,31.61,34.7642,83.08,42,51,22.06,IL,2021-10-31 15:36:44
336,Lasa,46.6166,10.7002,52.68,98,100,4.05,IT,2021-10-31 15:36:45
337,Agadez,19.75,10.25,89.56,15,1,8.43,NE,2021-10-31 15:36:45
338,Arman,59.7,150.1667,10.69,56,10,11.14,RU,2021-10-31 15:36:45
339,Moree,-29.4667,149.85,60.82,67,100,12.66,AU,2021-10-31 15:36:46
340,Kota Kinabalu,5.9749,116.0724,76.98,94,20,3.44,MY,2021-10-31 15:36:46
341,Naifaru,5.4444,73.3657,80.94,81,100,13.98,MV,2021-10-31 15:36:47
342,Tondano,1.3038,124.9112,68.09,85,100,0.85,ID,2021-10-31 15:36:47
343,Zharkent,44.1628,80.0,46.56,68,97,4.12,KZ,2021-10-31 15:36:47
344,Northam,51.0333,-4.2167,56.82,74,6,29.89,GB,2021-10-31 15:36:48
345,Wanning,18.8003,110.3967,75.87,91,97,7.05,CN,2021-10-31 15:36:48
346,Port Hawkesbury,45.6169,-61.3485,53.91,90,100,13.0,CA,2021-10-31 15:36:49
347,Magnolia,33.2671,-93.2393,60.48,47,0,3.0,US,2021-10-31 15:36:49
348,Vao,-22.6667,167.4833,70.5,65,35,7.76,NC,2021-10-31 15:36:49
349,Wana,32.2989,69.5725,61.99,21,0,1.54,PK,2021-10-31 15:36:50
350,Menongue,-14.6585,17.691,72.99,65,80,9.22,AO,2021-10-31 15:36:50
351,Ngunguru,-35.6167,174.5,55.17,83,98,6.78,NZ,2021-10-31 15:36:51
352,Saint-Georges,12.0564,-61.7485,85.68,66,40,17.27,GD,2021-10-31 15:36:12
353,Dumas,35.8656,-101.9732,44.62,75,75,14.97,US,2021-10-31 15:36:51
354,Tatawin,32.9297,10.4518,86.88,20,40,16.89,TN,2021-10-31 15:36:51
355,Westport,41.1415,-73.3579,63.86,76,20,1.01,US,2021-10-31 15:36:51
356,Antofagasta,-23.65,-70.4,72.21,57,0,8.39,CL,2021-10-31 15:36:52
357,Kamenka,51.3223,42.7678,46.2,64,2,3.98,RU,2021-10-31 15:36:52
358,Leh,34.1667,77.5833,27.93,54,100,1.88,IN,2021-10-31 15:36:53
359,Tripoli,32.8752,13.1875,76.68,48,94,10.83,LY,2021-10-31 15:36:53
360,Lawrenceburg,38.0373,-84.8966,57.99,82,90,8.99,US,2021-10-31 15:36:54
361,Mackay,-21.15,149.2,78.78,83,90,20.71,AU,2021-10-31 15:36:54
362,Tilichiki,60.4667,166.1,-6.05,97,21,11.07,RU,2021-10-31 15:36:54
363,Kasama,-10.2129,31.1808,83.37,18,32,2.48,ZM,2021-10-31 15:36:55
364,Berlevag,70.8578,29.0864,32.0,74,100,13.35,NO,2021-10-31 15:36:55
365,Myanaung,18.2833,95.3167,77.04,88,63,0.78,MM,2021-10-31 15:36:56
366,Puri,19.8,85.85,77.52,75,34,9.13,IN,2021-10-31 15:36:56
367,Almaznyy,48.0448,40.045,48.34,67,0,8.05,RU,2021-10-31 15:36:56
368,Samarai,-10.6167,150.6667,82.27,81,100,14.23,PG,2021-10-31 15:36:57
369,Buckingham,51.9997,-0.9878,55.96,75,21,4.0,GB,2021-10-31 15:36:57
370,Bandipur,27.9333,84.4167,55.06,81,2,2.55,NP,2021-10-31 15:36:57
371,Bull Savanna,17.8868,-77.5902,83.39,66,18,8.01,JM,2021-10-31 15:36:58
372,Awjilah,29.1081,21.2869,75.81,38,9,12.17,LY,2021-10-31 15:36:58
373,La Ronge,55.1001,-105.2842,30.45,74,90,8.05,CA,2021-10-31 15:36:59
374,Pafos,34.7667,32.4167,75.11,64,20,3.44,CY,2021-10-31 15:36:59
375,Jalu,29.0331,21.5482,76.01,35,10,11.39,LY,2021-10-31 15:36:59
376,Hokitika,-42.7167,170.9667,51.06,83,99,2.73,NZ,2021-10-31 15:37:00
377,Sao Filipe,14.8961,-24.4956,80.56,70,83,13.22,CV,2021-10-31 15:37:00
378,Tarakan,3.3,117.6333,78.3,94,40,3.44,ID,2021-10-31 15:37:01
379,Imbituba,-28.24,-48.6703,73.81,79,99,15.5,BR,2021-10-31 15:37:01
380,Valverde Del Camino,37.5751,-6.7543,69.73,67,100,11.32,ES,2021-10-31 15:37:02
381,Shahdol,23.2833,81.35,63.36,53,4,3.33,IN,2021-10-31 15:37:02
382,Cap-Aux-Meules,47.3821,-61.8597,50.05,81,75,16.11,CA,2021-10-31 15:37:03
383,Baykit,61.67,96.37,19.83,96,100,3.53,RU,2021-10-31 15:37:03
384,Santa Luzia,-19.7697,-43.8514,76.28,63,75,4.61,BR,2021-10-31 15:37:04
385,Planaltina,-15.4528,-47.6142,73.69,45,97,2.48,BR,2021-10-31 15:37:04
386,Saldanha,-33.0117,17.9442,69.85,78,96,9.44,ZA,2021-10-31 15:37:04
387,Cururupu,-1.8283,-44.8683,85.86,67,56,5.77,BR,2021-10-31 15:37:05
388,Biu,10.6129,12.1946,87.33,19,84,5.14,NG,2021-10-31 15:37:05
389,Kot Samaba,28.5522,70.4684,79.14,13,0,9.04,PK,2021-10-31 15:37:06
390,Marrakesh,31.6315,-8.0083,87.87,22,0,5.75,MA,2021-10-31 15:37:06
391,Chadiza,-14.0678,32.4392,84.43,30,90,7.47,ZM,2021-10-31 15:37:06
392,Cockburn Town,21.4612,-71.1419,82.45,68,16,11.61,TC,2021-10-31 15:37:07
393,Namtsy,62.7161,129.6658,12.31,95,100,9.51,RU,2021-10-31 15:37:07
394,Navahrudak,53.6,25.8333,44.98,69,0,8.59,BY,2021-10-31 15:37:08
395,Barcelona,41.3888,2.159,78.01,66,20,1.99,ES,2021-10-31 15:36:47
396,Kletnya,53.3897,33.2171,46.56,85,0,6.67,RU,2021-10-31 15:37:08
397,Yelahanka,13.1075,77.6003,71.69,94,40,6.91,IN,2021-10-31 15:37:09
398,Vila Do Maio,15.1333,-23.2167,77.79,78,91,16.33,CV,2021-10-31 15:37:09
399,Fairbanks,64.8378,-147.7164,46.36,42,1,14.97,US,2021-10-31 15:37:10
400,Sokolovo-Kundryuchenskiy,47.8354,39.9471,49.35,61,0,8.7,RU,2021-10-31 15:37:10
401,Xinyu,27.8043,114.9334,61.0,88,96,2.64,CN,2021-10-31 15:37:10
402,Winnemucca,40.973,-117.7357,37.45,93,1,6.91,US,2021-10-31 15:33:13
403,Mrakovo,52.7161,56.6244,42.08,94,82,8.12,RU,2021-10-31 15:37:11
404,Osinovo,55.8809,48.881,41.09,74,73,13.38,RU,2021-10-31 15:37:11
405,Douglas,41.3,-96.167,43.99,79,90,1.99,US,2021-10-31 15:36:09
406,Vondrozo,-22.8167,47.2833,67.69,93,95,5.64,MG,2021-10-31 15:37:12
407,Urumqi,43.801,87.6005,45.55,53,0,0.0,CN,2021-10-31 15:37:13
408,Kropotkin,45.4375,40.5756,50.72,77,3,13.96,RU,2021-10-31 15:32:14
409,Cermik,38.1361,39.4493,57.69,76,100,4.32,TR,2021-10-31 15:32:20
410,Polyarnyy,69.1989,33.4478,27.07,82,95,6.15,RU,2021-10-31 15:37:13
411,Zyryanka,65.75,150.85,-3.05,100,90,7.18,RU,2021-10-31 15:37:14
412,Mabay,6.0577,124.4666,77.95,85,76,5.1,PH,2021-10-31 15:37:14
413,Rantepao,-2.9701,119.8978,67.1,96,100,2.28,ID,2021-10-31 15:37:15
414,Comodoro Rivadavia,-45.8667,-67.5,48.06,61,20,11.5,AR,2021-10-31 15:37:15
415,Atar,20.5169,-13.0499,95.4,13,9,9.31,MR,2021-10-31 15:37:15
416,Mitsamiouli,-11.3847,43.2844,84.49,61,20,9.22,KM,2021-10-31 15:37:16
417,Quesnel,52.9999,-122.5029,19.9,93,90,2.3,CA,2021-10-31 15:37:16
418,Trindade,-16.6494,-49.4889,73.15,57,86,7.54,BR,2021-10-31 15:37:16
419,Kualakapuas,-3.0091,114.3876,75.36,94,91,3.33,ID,2021-10-31 15:37:17
420,Alta Floresta,-9.8756,-56.0861,91.22,58,40,3.44,BR,2021-10-31 15:37:17
421,San Vicente,-26.6167,-54.1333,79.27,58,27,2.53,AR,2021-10-31 15:37:18
422,San Cristobal,7.7669,-72.225,73.58,56,94,3.51,VE,2021-10-31 15:37:18
423,Ola,59.5833,151.2833,12.0,56,10,13.27,RU,2021-10-31 15:37:19
424,Traiguen,-38.25,-72.6833,76.19,33,83,1.68,CL,2021-10-31 15:32:28
425,Hervey Bay,-25.2986,152.8535,69.04,69,72,20.49,AU,2021-10-31 15:37:19
426,Lesosibirsk,58.2358,92.4828,29.77,96,100,7.47,RU,2021-10-31 15:37:20
427,Soyo,-6.1349,12.3689,84.25,76,98,8.88,AO,2021-10-31 15:37:20
428,Tigil,57.8,158.6667,21.54,93,100,19.22,RU,2021-10-31 15:37:20
429,Geraldton,-28.7667,114.6,63.12,72,75,14.97,AU,2021-10-31 15:37:21
430,Ixtapa,20.7,-105.2,80.22,80,2,2.59,MX,2021-10-31 15:37:21
431,Basse-Pointe,14.8695,-61.115,88.74,66,11,10.78,MQ,2021-10-31 15:37:22
432,Pyapon,16.2833,95.6833,77.22,91,99,4.5,MM,2021-10-31 15:37:22
433,Laguna,38.421,-121.4238,57.22,93,1,0.0,US,2021-10-31 15:37:23
434,Sao Jose Da Coroa Grande,-8.8978,-35.1478,83.12,60,52,9.6,BR,2021-10-31 15:37:23
435,Lernapat,40.8163,44.3926,46.67,92,57,4.61,AM,2021-10-31 15:37:23
436,Maiduguri,11.8464,13.1603,93.31,16,37,12.39,NG,2021-10-31 15:37:24
437,Pangnirtung,66.1451,-65.7125,30.2,93,90,5.75,CA,2021-10-31 15:37:24
438,Asfi,32.2994,-9.2372,71.04,68,71,11.12,MA,2021-10-31 15:37:25
439,Ugoofaaru,5.6667,73.0,81.86,79,100,13.2,MV,2021-10-31 15:37:25
440,Redmond,47.674,-122.1215,45.86,80,0,3.0,US,2021-10-31 15:36:21
441,Biak,-0.9131,122.8766,76.53,78,99,1.77,ID,2021-10-31 15:37:26
442,Port Keats,-14.25,129.55,77.94,76,92,5.73,AU,2021-10-31 15:37:26
443,Cruzilia,-21.8386,-44.8083,66.97,81,100,3.98,BR,2021-10-31 15:37:27
444,Valdemarpils,57.3707,22.5919,53.02,81,84,9.37,LV,2021-10-31 15:37:27
445,Severnyy,50.677,36.5532,48.24,61,0,2.24,RU,2021-10-31 15:37:28
446,Meybod,32.2501,54.0166,73.42,29,6,3.67,IR,2021-10-31 15:37:28
447,Tsiroanomandidy,-18.7667,46.0333,77.81,25,0,5.1,MG,2021-10-31 15:37:28
448,Snasa,64.2457,12.3778,44.87,97,100,3.11,NO,2021-10-31 15:37:29
449,Afyonkarahisar,38.75,30.6667,48.6,87,100,0.89,TR,2021-10-31 15:37:29
450,Anderson,34.5334,-82.6499,66.15,71,1,1.01,US,2021-10-31 15:37:30
451,Eenhana,-17.4667,16.3333,93.51,10,13,9.71,NA,2021-10-31 15:37:30
452,Klyuchi,52.2667,79.1667,29.03,76,87,16.11,RU,2021-10-31 15:37:30
453,Palmas,-10.2128,-48.3603,85.87,70,40,10.36,BR,2021-10-31 15:33:01
454,Fukue,32.6881,128.8419,68.59,62,64,15.08,JP,2021-10-31 15:37:31
455,Iqaluit,63.7506,-68.5145,37.13,69,75,5.99,CA,2021-10-31 15:37:32
456,Daru,-9.0763,143.2092,80.01,87,94,12.17,PG,2021-10-31 15:37:33
457,Haverfordwest,51.8017,-4.9691,56.55,73,53,20.0,GB,2021-10-31 15:37:33
458,Norwich,52.6278,1.2983,58.14,79,20,3.0,GB,2021-10-31 15:35:45
459,Fare,-16.7,-151.0167,78.06,73,79,15.12,PF,2021-10-31 15:37:34
460,Zachary,30.6485,-91.1565,67.73,94,0,1.79,US,2021-10-31 15:37:34
461,Amiens,49.9,2.3,56.39,78,100,16.11,FR,2021-10-31 15:37:35
462,Nelson Bay,-32.7167,152.15,59.0,91,97,8.59,AU,2021-10-31 15:37:35
463,Bogotol,56.2078,89.5342,32.7,91,100,10.51,RU,2021-10-31 15:37:35
464,Nemuro,43.3236,145.575,50.77,78,73,11.39,JP,2021-10-31 15:37:36
465,Balancan,17.8,-91.5333,75.61,71,38,5.14,MX,2021-10-31 15:37:36
466,Longyearbyen,78.2186,15.6401,31.84,59,20,16.11,SJ,2021-10-31 15:37:37
467,Devonport,-41.1667,146.35,51.1,75,5,10.07,AU,2021-10-31 15:37:37
468,Basco,20.4487,121.9702,81.07,67,58,18.43,PH,2021-10-31 15:37:37
469,Lengshuijiang,27.6881,111.4294,58.71,97,100,1.9,CN,2021-10-31 15:37:38
470,Hamilton,39.1834,-84.5333,57.36,84,90,1.99,US,2021-10-31 15:34:34
471,Shakhtinsk,49.71,72.5872,36.16,85,100,11.05,KZ,2021-10-31 15:37:38
472,Caceres,39.522,-6.3748,69.8,90,100,15.28,ES,2021-10-31 15:37:39
473,Mount Isa,-20.7333,139.5,82.17,20,94,10.36,AU,2021-10-31 15:37:39
474,Cadillac,44.2519,-85.4012,51.71,71,75,9.22,US,2021-10-31 15:34:35
475,Arkhangelsk,64.5401,40.5433,41.11,100,90,2.24,RU,2021-10-31 15:37:40
476,Birjand,32.8663,59.2211,63.07,23,0,9.22,IR,2021-10-31 15:37:42
477,Walvis Bay,-22.9575,14.5053,67.15,55,0,14.97,NA,2021-10-31 15:37:42
478,Indian Head,38.6001,-77.1622,67.15,70,20,4.0,US,2021-10-31 15:37:44
479,Lompoc,34.6391,-120.4579,58.68,94,90,0.0,US,2021-10-31 15:37:44
480,Itaituba,-4.2761,-55.9836,91.56,58,40,6.91,BR,2021-10-31 15:37:45
481,Kloulklubed,7.0419,134.2556,79.3,70,97,4.63,PW,2021-10-31 15:37:45
482,Oxapampa,-10.5775,-75.4017,74.73,54,37,5.26,PE,2021-10-31 15:37:46
483,Varkaus,62.3153,27.873,46.51,94,99,8.57,FI,2021-10-31 15:37:46
484,Pueblo Bello,8.2041,-76.526,83.68,66,85,5.12,CO,2021-10-31 15:37:46
485,Caconda,-13.7333,15.0667,79.3,37,100,4.7,AO,2021-10-31 15:37:47
486,Lamak,10.3997,124.7389,77.95,86,96,5.95,PH,2021-10-31 15:37:47
487,Portland,45.5234,-122.6762,51.75,51,75,11.01,US,2021-10-31 15:35:03
488,Kushmurun,52.4503,64.6311,45.45,81,91,11.97,KZ,2021-10-31 15:37:48
489,Luanda,-8.8368,13.2343,77.7,71,66,13.4,AO,2021-10-31 15:34:37
490,Hobyo,5.3505,48.5268,81.21,73,13,14.63,SO,2021-10-31 15:37:50
491,Hasaki,35.7333,140.8333,57.6,87,100,7.09,JP,2021-10-31 15:37:50
492,Dalgopol,43.05,27.35,55.78,73,100,3.87,BG,2021-10-31 15:37:51
493,Miri,4.4148,114.0089,80.74,94,40,1.14,MY,2021-10-31 15:37:51
494,Raisinghnagar,29.5358,73.4492,78.75,19,0,9.91,IN,2021-10-31 15:37:52
495,Betare Oya,5.6,14.0833,76.86,78,71,4.0,CM,2021-10-31 15:37:52
496,Padang,-0.9492,100.3543,77.05,94,100,4.97,ID,2021-10-31 15:37:53
497,Vilhena,-12.7406,-60.1458,88.02,55,40,6.91,BR,2021-10-31 15:37:53
498,Iskandar,41.5539,69.7008,45.45,63,31,2.84,UZ,2021-10-31 15:37:54
499,Beipiao,41.7919,120.7792,35.38,43,5,5.79,CN,2021-10-31 15:37:54
500,La Asuncion,11.0333,-63.8628,73.13,100,94,12.66,VE,2021-10-31 15:37:54
501,Glenwood Springs,39.5505,-107.3248,51.03,64,75,8.05,US,2021-10-31 15:36:05
502,Zhelyabovka,45.3988,34.7578,50.77,82,0,8.14,UA,2021-10-31 15:37:55
503,Berasia,23.6333,77.4333,68.45,42,0,2.84,IN,2021-10-31 15:36:01
504,Caraz,-9.0486,-77.81,72.46,53,43,5.7,PE,2021-10-31 15:37:56
505,Tabou,4.423,-7.3528,82.42,75,75,10.49,CI,2021-10-31 15:37:56
506,Kurilsk,45.2333,147.8833,48.18,82,100,4.27,RU,2021-10-31 15:37:56
507,Alice,27.7523,-98.0697,80.55,68,1,5.75,US,2021-10-31 15:37:57
508,Dudinka,69.4058,86.1778,-10.59,99,90,5.97,RU,2021-10-31 15:37:57
509,Selizharovo,56.8519,33.4487,44.15,77,6,10.13,RU,2021-10-31 15:37:58
510,Omsukchan,62.5333,155.8,-11.85,97,99,5.14,RU,2021-10-31 15:37:58
511,Banda Aceh,5.5577,95.3222,79.25,82,97,0.87,ID,2021-10-31 15:37:58
512,Okato,-39.2,173.8833,52.43,81,95,12.26,NZ,2021-10-31 15:37:59
513,Totskoye,52.5248,52.7623,46.69,85,46,11.1,RU,2021-10-31 15:37:59
514,Bilma,18.6853,12.9164,92.26,14,2,7.94,NE,2021-10-31 15:38:00
515,Karasjok,69.4719,25.5112,23.11,97,65,4.03,NO,2021-10-31 15:38:00
516,Ambulu,-8.345,113.6058,77.2,91,98,1.92,ID,2021-10-31 15:38:01
517,Tazovskiy,67.4667,78.7,6.67,92,100,11.61,RU,2021-10-31 15:38:01
518,Wolomin,52.3401,21.2421,60.28,65,6,7.96,PL,2021-10-31 15:38:02
519,Port-Gentil,-0.7193,8.7815,82.36,78,75,17.27,GA,2021-10-31 15:38:02
520,Poronaysk,49.2167,143.1167,25.59,74,6,9.93,RU,2021-10-31 15:38:03
521,Ariquemes,-9.9133,-63.0408,99.99,33,30,3.27,BR,2021-10-31 15:38:03
522,Manzil Salim,35.8567,8.4765,75.2,36,62,8.59,TN,2021-10-31 15:38:04
523,Kavaratti,10.5669,72.642,82.69,76,100,5.5,IN,2021-10-31 15:38:04
524,Eisenerz,47.5333,14.8833,54.99,93,69,5.75,AT,2021-10-31 15:38:05
525,Shwebo,22.5667,95.7,74.46,89,7,4.52,MM,2021-10-31 15:38:05
526,Wheat Ridge,39.7661,-105.0772,43.07,80,90,4.0,US,2021-10-31 15:35:38
527,Huntsville,34.7304,-86.5861,61.92,77,75,0.0,US,2021-10-31 15:38:06
528,Banepa,27.6298,85.5214,61.12,77,75,6.91,NP,2021-10-31 15:38:06
529,San Carlos De Bariloche,-41.1456,-71.3082,58.44,34,75,9.22,AR,2021-10-31 15:37:41
530,Kundiawa,-6.0167,144.9667,60.66,95,100,2.39,PG,2021-10-31 15:38:07
531,Wilmington,34.2257,-77.9447,65.95,70,40,11.5,US,2021-10-31 15:35:09
532,San Jeronimo,-11.9472,-75.2829,63.77,42,22,1.12,PE,2021-10-31 15:38:07
533,Champasak,14.75,106.0,73.06,98,52,1.32,LA,2021-10-31 15:38:08
534,Santarem,-2.4431,-54.7083,87.93,74,40,9.22,BR,2021-10-31 15:38:08
535,Khash,28.2211,61.2158,62.78,24,13,5.95,IR,2021-10-31 15:38:08
536,Bow Island,49.8668,-111.3684,23.49,90,0,4.61,CA,2021-10-31 15:38:09
537,Laurel,39.0993,-76.8483,65.17,86,40,4.0,US,2021-10-31 15:38:09
538,Sioux Lookout,50.1001,-91.917,35.67,75,90,9.22,CA,2021-10-31 15:38:10
539,Varkkallai,8.7341,76.7067,78.58,85,100,2.8,IN,2021-10-31 15:38:10
540,Balkanabat,39.5108,54.3671,61.34,42,84,12.17,TM,2021-10-31 15:38:10
541,Galeana,24.8333,-100.0667,69.35,30,0,1.54,MX,2021-10-31 15:38:11
542,Tonj,7.2737,28.6822,77.5,73,80,0.92,SS,2021-10-31 15:38:11
543,Leningradskiy,69.3833,178.4167,0.41,93,100,8.72,RU,2021-10-31 15:38:12
544,Katsuura,35.1333,140.3,61.2,93,99,7.05,JP,2021-10-31 15:38:12
545,Paldiski,59.3567,24.0531,49.91,83,79,16.73,EE,2021-10-31 15:38:13
546,Buraydah,26.326,43.975,84.65,25,1,9.64,SA,2021-10-31 15:33:36
547,Shelburne,44.0787,-80.2041,50.18,94,97,13.2,CA,2021-10-31 15:38:14
548,Zhanaozen,43.3,52.8,52.41,44,2,11.12,KZ,2021-10-31 15:38:14
549,Whitehorse,60.7161,-135.0538,33.03,80,40,18.01,CA,2021-10-31 15:38:15
550,Saint George,37.1041,-113.5841,67.35,71,1,0.0,US,2021-10-31 15:37:56
551,Praia,14.9215,-23.5087,77.54,88,90,10.36,CV,2021-10-31 15:38:15
552,Conceicao Do Araguaia,-8.2578,-49.2647,96.46,32,41,4.34,BR,2021-10-31 15:38:16
553,Yeniseysk,58.4497,92.1703,29.17,96,100,7.0,RU,2021-10-31 15:38:16
554,Denpasar,-8.65,115.2167,76.71,94,75,10.36,ID,2021-10-31 15:38:17
555,Katubao,5.8892,124.8294,79.79,80,71,5.68,PH,2021-10-31 15:38:17
556,Venice,27.0998,-82.4543,75.99,77,75,3.0,US,2021-10-31 15:38:17
557,Gamba,-2.65,10.0,77.52,83,98,7.7,GA,2021-10-31 15:38:18
558,Kushiro,42.975,144.3747,44.74,81,6,5.08,JP,2021-10-31 15:38:18
559,Minot,48.2325,-101.2963,34.02,60,1,18.41,US,2021-10-31 15:35:05
560,Port Augusta,-32.5,137.7667,62.71,23,100,3.56,AU,2021-10-31 15:38:19
561,Santa Barbara,34.7333,-120.0343,53.35,94,90,0.0,US,2021-10-31 15:37:08
562,Chipata,-13.6333,32.65,82.17,33,66,10.89,ZM,2021-10-31 15:38:19
563,Meulaboh,4.1363,96.1285,77.56,87,100,2.55,ID,2021-10-31 15:38:20
564,Balvi,57.1313,27.2658,47.97,75,24,8.03,LV,2021-10-31 15:38:20
565,Fevik,58.3794,8.6766,51.57,91,52,8.28,NO,2021-10-31 15:38:21
566,Adrar,20.5022,-10.0711,94.06,11,37,8.57,MR,2021-10-31 15:38:21
567,Taunggyi,20.7833,97.0333,59.99,96,16,1.36,MM,2021-10-31 15:38:21
568,Bad Hofgastein,47.1667,13.1,59.32,87,29,8.16,AT,2021-10-31 15:38:22
569,Hami,42.8,93.45,51.12,42,32,4.88,CN,2021-10-31 15:38:22
570,Kirakira,-10.4544,161.9205,79.25,84,65,8.55,SB,2021-10-31 15:38:23
571,Carman,49.4992,-98.0016,36.72,75,21,11.5,CA,2021-10-31 15:38:23
572,Champerico,14.3,-91.9167,87.35,70,48,0.96,GT,2021-10-31 15:38:24
573,Praia Da Vitoria,38.7333,-27.0667,73.65,88,40,10.45,PT,2021-10-31 15:38:24
